dataset,n_bins_requested,n_bins_actual,total_events,min_events_per_bin,median_events_per_bin,bins_lt5_events,empty_bins,valid_samples_last_bin,valid_samples_drop_pct
FLCHAIN,10,10,1962,194,196.0,0,0,2057,68.3
FLCHAIN,20,20,1962,96,98.0,0,0,2057,68.3
FLCHAIN,30,30,1962,63,65.0,0,0,2057,68.4
FLCHAIN,50,50,1962,37,39.0,0,0,2057,68.4
FLCHAIN,100,100,1962,17,20.0,0,0,2057,68.4
FLCHAIN,300,300,1962,4,7.0,5,0,2057,68.5
FLCHAIN,500,500,1962,1,4.0,440,0,2057,68.5
FLCHAIN,1000,995,1962,0,2.0,992,29,2057,68.5
FRAMINGHAM,10,10,1783,177,178.0,0,0,4273,0.0
FRAMINGHAM,20,20,1783,88,89.0,0,0,4273,0.0
FRAMINGHAM,30,30,1783,58,59.0,0,0,4273,0.0
FRAMINGHAM,50,50,1783,34,36.0,0,0,4273,0.0
FRAMINGHAM,100,100,1783,16,18.0,0,0,4273,0.0
FRAMINGHAM,300,300,1783,4,6.0,1,0,4273,0.0
FRAMINGHAM,500,500,1783,2,4.0,476,0,4273,0.0
FRAMINGHAM,1000,999,1783,0,2.0,999,19,4273,0.0
GBSG,10,10,1267,125,126.0,0,0,1704,22.8
GBSG,20,20,1267,61,63.5,0,0,1704,23.0
GBSG,30,30,1267,40,42.0,0,0,1704,23.1
GBSG,50,50,1267,21,25.0,0,0,1704,23.2
GBSG,100,100,1267,8,13.0,0,0,1704,23.2
GBSG,300,300,1267,0,4.0,200,1,1704,23.2
GBSG,500,494,1267,0,3.0,480,11,1704,23.3
GBSG,1000,948,1267,0,1.0,943,163,1704,23.3
METABRIC,10,10,1103,110,110.0,0,0,1103,41.3
METABRIC,20,20,1103,54,55.0,0,0,1103,41.5
METABRIC,30,30,1103,35,37.0,0,0,1103,41.5
METABRIC,50,50,1103,21,22.0,0,0,1103,41.6
METABRIC,100,100,1103,10,11.0,0,0,1103,41.6
METABRIC,300,300,1103,2,4.0,288,0,1103,41.7
METABRIC,500,500,1103,0,2.0,500,2,1103,41.8
METABRIC,1000,993,1103,0,1.0,993,72,1103,41.9
ORMONI_TIRODEI_CV,10,10,2407,239,241.0,0,0,2413,69.5
ORMONI_TIRODEI_CV,20,20,2407,119,120.0,0,0,2413,69.6
ORMONI_TIRODEI_CV,30,30,2407,77,80.0,0,0,2413,69.6
ORMONI_TIRODEI_CV,50,50,2407,42,48.0,0,0,2413,69.7
ORMONI_TIRODEI_CV,100,100,2407,18,24.0,0,0,2413,69.9
ORMONI_TIRODEI_CV,300,300,2407,3,8.0,2,0,2413,70.1
ORMONI_TIRODEI_CV,500,495,2407,0,5.0,154,3,2413,70.1
ORMONI_TIRODEI_CV,1000,966,2407,0,2.0,934,36,2413,70.1
ORMONI_TIRODEI_MI,10,10,2619,260,262.0,0,0,2623,66.9
ORMONI_TIRODEI_MI,20,20,2619,129,131.0,0,0,2623,66.9
ORMONI_TIRODEI_MI,30,30,2619,83,87.0,0,0,2623,67.0
ORMONI_TIRODEI_MI,50,50,2619,48,52.0,0,0,2623,67.1
ORMONI_TIRODEI_MI,100,100,2619,20,26.0,0,0,2623,67.3
ORMONI_TIRODEI_MI,300,300,2619,0,9.0,5,1,2623,67.4
ORMONI_TIRODEI_MI,500,494,2619,0,5.0,102,3,2623,67.4
ORMONI_TIRODEI_MI,1000,968,2619,0,3.0,916,41,2623,67.4
ORMONI_TIRODEI_MORTALITY,10,10,2407,239,241.0,0,0,2413,69.5
ORMONI_TIRODEI_MORTALITY,20,20,2407,119,120.0,0,0,2413,69.6
ORMONI_TIRODEI_MORTALITY,30,30,2407,77,80.0,0,0,2413,69.6
ORMONI_TIRODEI_MORTALITY,50,50,2407,42,48.0,0,0,2413,69.7
ORMONI_TIRODEI_MORTALITY,100,100,2407,18,24.0,0,0,2413,69.9
ORMONI_TIRODEI_MORTALITY,300,300,2407,3,8.0,2,0,2413,70.1
ORMONI_TIRODEI_MORTALITY,500,495,2407,0,5.0,154,3,2413,70.1
ORMONI_TIRODEI_MORTALITY,1000,966,2407,0,2.0,934,36,2413,70.1
ORMONI_TIRODEI_STROKE,10,10,2482,247,248.0,0,0,2488,68.6
ORMONI_TIRODEI_STROKE,20,20,2482,123,124.0,0,0,2488,68.6
ORMONI_TIRODEI_STROKE,30,30,2482,81,83.0,0,0,2488,68.7
ORMONI_TIRODEI_STROKE,50,50,2482,47,50.0,0,0,2488,68.8
ORMONI_TIRODEI_STROKE,100,100,2482,21,25.0,0,0,2488,68.9
ORMONI_TIRODEI_STROKE,300,300,2482,5,8.0,0,0,2488,69.1
ORMONI_TIRODEI_STROKE,500,497,2482,0,5.0,111,3,2488,69.1
ORMONI_TIRODEI_STROKE,1000,979,2482,0,3.0,947,40,2488,69.1
PBC2,10,10,872,82,86.5,0,0,968,50.2
PBC2,20,20,872,37,43.5,0,0,968,50.2
PBC2,30,30,872,20,29.5,0,0,968,50.2
PBC2,50,50,872,10,17.0,0,0,968,50.2
PBC2,100,94,872,0,9.0,6,4,968,50.2
PBC2,300,189,872,0,4.0,106,43,968,50.2
PBC2,500,235,872,0,3.0,155,79,968,50.2
PBC2,1000,338,872,0,0.0,259,173,968,50.2
SEER,10,10,616,54,63.0,0,0,867,78.3
SEER,20,20,616,22,31.0,0,0,867,78.4
SEER,30,30,616,13,21.0,0,0,867,78.4
SEER,50,50,616,4,12.0,1,0,867,78.4
SEER,100,82,616,0,7.0,14,6,867,78.4
SEER,300,136,616,0,4.0,73,41,867,78.4
SEER,500,174,616,0,2.0,111,78,867,78.4
SEER,1000,253,616,0,0.0,192,154,867,78.4
SS_ACTG,10,10,96,9,9.5,0,0,397,65.3
SS_ACTG,20,20,96,3,5.0,8,0,397,65.4
SS_ACTG,30,30,96,2,3.0,30,0,397,65.4
SS_ACTG,50,50,96,1,2.0,50,0,397,65.4
SS_ACTG,100,96,96,0,1.0,96,21,397,65.4
SS_ACTG,300,254,96,0,0.0,254,179,397,65.4
SS_ACTG,500,412,96,0,0.0,412,337,397,65.4
SS_ACTG,1000,805,96,0,0.0,805,730,397,65.4
SS_BREAST,10,10,26,2,2.5,10,0,77,23.0
SS_BREAST,20,20,26,1,1.0,20,0,77,23.0
SS_BREAST,30,30,26,0,1.0,30,5,77,23.0
SS_BREAST,50,50,26,0,0.5,50,25,77,23.0
SS_BREAST,100,100,26,0,0.0,100,75,77,23.0
SS_BREAST,300,300,26,0,0.0,300,275,77,23.0
SS_BREAST,500,500,26,0,0.0,500,475,77,23.0
SS_BREAST,1000,1000,26,0,0.0,1000,975,77,23.0
SS_CANCER,10,10,122,11,12.0,0,0,126,25.4
SS_CANCER,20,20,122,5,6.0,0,0,126,25.4
SS_CANCER,30,30,122,3,4.0,24,0,126,25.4
SS_CANCER,50,50,122,1,2.0,50,0,126,25.4
SS_CANCER,100,99,122,0,1.0,99,6,126,25.4
SS_CANCER,300,283,122,0,0.0,283,172,126,25.4
SS_CANCER,500,468,122,0,0.0,468,357,126,25.4
SS_CANCER,1000,928,122,0,0.0,928,817,126,25.4
SS_CGD,10,10,44,4,4.0,7,0,48,62.5
SS_CGD,20,20,44,1,2.0,20,0,48,62.5
SS_CGD,30,30,44,1,1.0,30,0,48,62.5
SS_CGD,50,50,44,0,1.0,50,8,48,62.5
SS_CGD,100,99,44,0,0.0,99,57,48,62.5
SS_CGD,300,294,44,0,0.0,294,252,48,62.5
SS_CGD,500,489,44,0,0.0,489,447,48,62.5
SS_CGD,1000,977,44,0,0.0,977,935,48,62.5
SS_COLON,10,10,441,44,44.0,0,0,470,48.4
SS_COLON,20,20,441,20,22.0,0,0,470,48.4
SS_COLON,30,30,441,14,15.0,0,0,470,48.4
SS_COLON,50,50,441,8,9.0,0,0,470,48.4
SS_COLON,100,100,441,2,4.0,58,0,470,48.4
SS_COLON,300,298,441,0,1.0,298,18,470,48.4
SS_COLON,500,489,441,0,1.0,489,91,470,48.4
SS_COLON,1000,944,441,0,0.0,944,546,470,48.4
SS_COST,10,10,404,39,40.0,0,0,518,0.0
SS_COST,20,20,404,19,20.0,0,0,518,0.0
SS_COST,30,30,404,12,13.0,0,0,518,0.0
SS_COST,50,50,404,7,8.0,0,0,518,0.0
SS_COST,100,100,404,3,4.0,91,0,518,0.0
SS_COST,300,299,404,0,1.0,299,14,518,0.0
SS_COST,500,491,404,0,1.0,491,121,518,0.0
SS_COST,1000,948,404,0,0.0,948,578,518,0.0
SS_DIABETES,10,10,155,15,15.0,0,0,197,49.5
SS_DIABETES,20,20,155,7,8.0,0,0,197,49.5
SS_DIABETES,30,30,155,5,5.0,0,0,197,49.5
SS_DIABETES,50,50,155,3,3.0,50,0,197,50.0
SS_DIABETES,100,100,155,1,2.0,100,0,197,50.0
SS_DIABETES,300,300,155,0,1.0,300,146,197,50.0
SS_DIABETES,500,500,155,0,0.0,500,346,197,50.0
SS_DIABETES,1000,1000,155,0,0.0,1000,846,197,50.0
SS_DIALYSIS,10,9,1603,0,164.0,1,1,1652,72.4
SS_DIALYSIS,20,15,1603,0,81.0,1,1,1652,72.4
SS_DIALYSIS,30,19,1603,0,55.0,1,1,1652,72.4
SS_DIALYSIS,50,25,1603,0,39.0,1,1,1652,72.4
SS_DIALYSIS,100,32,1603,0,26.0,1,1,1652,72.4
SS_DIALYSIS,300,47,1603,0,15.0,12,11,1652,72.4
SS_DIALYSIS,500,55,1603,0,11.0,21,16,1652,72.4
SS_DIALYSIS,1000,65,1603,0,6.0,31,24,1652,72.4
SS_DLBCL,10,10,138,13,14.0,0,0,141,41.2
SS_DLBCL,20,20,138,6,7.0,0,0,141,41.2
SS_DLBCL,30,30,138,4,5.0,13,0,141,41.2
SS_DLBCL,50,50,138,2,3.0,50,0,141,41.2
SS_DLBCL,100,100,138,0,1.0,100,1,141,41.2
SS_DLBCL,300,296,138,0,0.0,296,163,141,41.2
SS_DLBCL,500,489,138,0,0.0,489,356,141,41.2
SS_DLBCL,1000,975,138,0,0.0,975,842,141,41.2
SS_E1684,10,10,196,18,19.5,0,0,209,26.4
SS_E1684,20,20,196,8,10.0,0,0,209,26.4
SS_E1684,30,30,196,5,6.5,0,0,209,26.4
SS_E1684,50,50,196,2,4.0,42,0,209,26.4
SS_E1684,100,99,196,0,2.0,98,4,209,26.4
SS_E1684,300,270,196,0,1.0,270,109,209,26.4
SS_E1684,500,437,196,0,0.0,437,276,209,26.4
SS_E1684,1000,849,196,0,0.0,849,688,209,26.4
SS_FLCHAIN,10,10,1959,193,196.0,0,0,2054,68.3
SS_FLCHAIN,20,20,1959,95,98.0,0,0,2054,68.4
SS_FLCHAIN,30,30,1959,63,65.0,0,0,2054,68.4
SS_FLCHAIN,50,50,1959,37,39.0,0,0,2054,68.4
SS_FLCHAIN,100,100,1959,18,20.0,0,0,2054,68.4
SS_FLCHAIN,300,300,1959,4,7.0,1,0,2054,68.5
SS_FLCHAIN,500,500,1959,1,4.0,427,0,2054,68.5
SS_FLCHAIN,1000,993,1959,0,2.0,989,18,2054,68.5
SS_FRAMINGHAM,10,10,1465,146,146.0,0,0,2625,42.3
SS_FRAMINGHAM,20,20,1465,73,73.0,0,0,2625,43.0
SS_FRAMINGHAM,30,30,1465,48,49.0,0,0,2625,43.5
SS_FRAMINGHAM,50,50,1465,28,29.0,0,0,2625,43.6
SS_FRAMINGHAM,100,100,1465,14,15.0,0,0,2625,43.6
SS_FRAMINGHAM,300,300,1465,2,5.0,47,0,2625,43.6
SS_FRAMINGHAM,500,500,1465,1,3.0,499,0,2625,43.6
SS_FRAMINGHAM,1000,998,1465,0,1.0,998,31,2625,43.6
SS_GBSG2,10,10,299,29,30.0,0,0,307,53.6
SS_GBSG2,20,20,299,14,15.0,0,0,307,54.0
SS_GBSG2,30,30,299,9,10.0,0,0,307,54.0
SS_GBSG2,50,50,299,5,6.0,0,0,307,54.1
SS_GBSG2,100,100,299,2,3.0,100,0,307,54.2
SS_GBSG2,300,297,299,0,1.0,297,28,307,54.3
SS_GBSG2,500,477,299,0,1.0,477,208,307,54.3
SS_GBSG2,1000,931,299,0,0.0,931,662,307,54.3
SS_GRACE,10,10,324,25,32.0,0,0,821,17.4
SS_GRACE,20,19,324,5,16.0,0,0,821,17.4
SS_GRACE,30,27,324,3,11.0,1,0,821,17.4
SS_GRACE,50,40,324,0,7.0,4,2,821,17.4
SS_GRACE,100,69,324,0,3.0,52,6,821,17.8
SS_GRACE,300,156,324,0,1.0,143,50,821,17.8
SS_GRACE,500,230,324,0,0.0,217,121,821,17.8
SS_GRACE,1000,392,324,0,0.0,379,283,821,17.8
SS_HEART,10,10,45,3,4.0,6,0,47,31.9
SS_HEART,20,20,45,0,2.0,20,1,47,31.9
SS_HEART,30,30,45,0,1.5,30,8,47,31.9
SS_HEART,50,45,45,0,1.0,45,14,47,31.9
SS_HEART,100,78,45,0,0.0,78,47,47,31.9
SS_HEART,300,220,45,0,0.0,220,189,47,31.9
SS_HEART,500,361,45,0,0.0,361,330,47,31.9
SS_HEART,1000,714,45,0,0.0,714,683,47,31.9
SS_HEPATOCELLULAR,10,10,45,1,4.0,6,0,83,17.8
SS_HEPATOCELLULAR,20,16,45,0,2.0,15,1,83,17.8
SS_HEPATOCELLULAR,30,25,45,0,2.0,25,5,83,17.8
SS_HEPATOCELLULAR,50,37,45,0,1.0,37,14,83,17.8
SS_HEPATOCELLULAR,100,63,45,0,0.0,63,40,83,17.8
SS_HEPATOCELLULAR,300,168,45,0,0.0,168,145,83,17.8
SS_HEPATOCELLULAR,500,270,45,0,0.0,270,247,83,17.8
SS_HEPATOCELLULAR,1000,531,45,0,0.0,531,508,83,17.8
SS_LEUKSURV,10,10,879,62,88.0,0,0,880,15.6
SS_LEUKSURV,20,20,879,22,44.0,0,0,880,15.6
SS_LEUKSURV,30,30,879,17,29.0,0,0,880,15.6
SS_LEUKSURV,50,49,879,8,18.0,0,0,880,15.6
SS_LEUKSURV,100,95,879,0,9.0,7,3,880,15.6
SS_LEUKSURV,300,254,879,0,3.0,218,21,880,15.6
SS_LEUKSURV,500,381,879,0,2.0,351,64,880,15.6
SS_LEUKSURV,1000,670,879,0,1.0,645,230,880,15.6
SS_MELANOMA,10,10,57,5,6.0,0,0,91,54.5
SS_MELANOMA,20,20,57,2,3.0,20,0,91,54.7
SS_MELANOMA,30,30,57,1,2.0,30,0,91,54.7
SS_MELANOMA,50,50,57,1,1.0,50,0,91,54.7
SS_MELANOMA,100,100,57,0,1.0,100,44,91,54.7
SS_MELANOMA,300,300,57,0,0.0,300,244,91,54.7
SS_MELANOMA,500,500,57,0,0.0,500,444,91,54.7
SS_MELANOMA,1000,1000,57,0,0.0,1000,944,91,54.7
SS_MGUS,10,10,45,4,4.0,6,0,46,0.0
SS_MGUS,20,20,45,2,2.0,20,0,46,0.0
SS_MGUS,30,30,45,1,1.0,30,0,46,0.0
SS_MGUS,50,50,45,0,1.0,50,6,46,0.0
SS_MGUS,100,100,45,0,0.0,100,56,46,0.0
SS_MGUS,300,300,45,0,0.0,300,256,46,0.0
SS_MGUS,500,500,45,0,0.0,500,456,46,0.0
SS_MGUS,1000,1000,45,0,0.0,1000,956,46,0.0
SS_NWTCO,10,10,571,52,57.0,0,0,1271,68.2
SS_NWTCO,20,20,571,25,28.5,0,0,1271,68.3
SS_NWTCO,30,30,571,14,19.0,0,0,1271,68.3
SS_NWTCO,50,50,571,6,11.0,0,0,1271,68.3
SS_NWTCO,100,100,571,0,6.0,9,1,1271,68.4
SS_NWTCO,300,287,571,0,2.0,282,23,1271,68.4
SS_NWTCO,500,459,571,0,1.0,455,101,1271,68.4
SS_NWTCO,1000,812,571,0,0.0,808,421,1271,68.4
SS_OVARIAN,10,10,12,1,1.0,10,0,22,15.4
SS_OVARIAN,20,20,12,0,1.0,20,9,22,15.4
SS_OVARIAN,30,30,12,0,0.0,30,19,22,15.4
SS_OVARIAN,50,50,12,0,0.0,50,39,22,15.4
SS_OVARIAN,100,100,12,0,0.0,100,89,22,15.4
SS_OVARIAN,300,300,12,0,0.0,300,289,22,15.4
SS_OVARIAN,500,500,12,0,0.0,500,489,22,15.4
SS_OVARIAN,1000,1000,12,0,0.0,1000,989,22,15.4
SS_PBC,10,10,125,11,12.0,0,0,137,56.1
SS_PBC,20,20,125,5,6.0,0,0,137,56.1
SS_PBC,30,30,125,3,4.0,26,0,137,56.1
SS_PBC,50,50,125,1,2.0,50,0,137,56.1
SS_PBC,100,100,125,0,1.0,100,1,137,56.1
SS_PBC,300,295,125,0,0.0,295,174,137,56.1
SS_PBC,500,490,125,0,0.0,490,369,137,56.1
SS_PBC,1000,977,125,0,0.0,977,856,137,56.1
SS_PROSTATE,10,10,328,28,33.0,0,0,337,27.8
SS_PROSTATE,20,20,328,7,17.0,0,0,337,27.8
SS_PROSTATE,30,30,328,3,11.0,3,0,337,27.8
SS_PROSTATE,50,46,328,0,7.5,12,4,337,27.8
SS_PROSTATE,100,68,328,0,4.0,39,12,337,27.8
SS_PROSTATE,300,121,328,0,1.0,93,55,337,27.8
SS_PROSTATE,500,154,328,0,0.0,126,86,337,27.8
SS_PROSTATE,1000,263,328,0,0.0,235,195,337,27.8
SS_RETINOPATHY,10,10,155,15,15.0,0,0,196,49.7
SS_RETINOPATHY,20,20,155,7,8.0,0,0,196,49.7
SS_RETINOPATHY,30,30,155,3,5.0,3,0,196,49.7
SS_RETINOPATHY,50,50,155,1,3.0,49,0,196,50.3
SS_RETINOPATHY,100,98,155,0,2.0,98,3,196,50.3
SS_RETINOPATHY,300,279,155,0,0.0,279,142,196,50.3
SS_RETINOPATHY,500,456,155,0,0.0,456,319,196,50.3
SS_RETINOPATHY,1000,903,155,0,0.0,903,766,196,50.3
SS_RHC,10,10,269,24,27.0,0,0,269,57.6
SS_RHC,20,20,269,11,13.0,0,0,269,57.6
SS_RHC,30,30,269,6,9.0,0,0,269,57.6
SS_RHC,50,50,269,3,5.0,8,0,269,57.6
SS_RHC,100,98,269,0,3.0,92,4,269,57.6
SS_RHC,300,271,269,0,1.0,270,62,269,57.6
SS_RHC,500,428,269,0,0.0,427,219,269,57.6
SS_RHC,1000,818,269,0,0.0,817,609,269,57.6
SS_ROTT2,10,10,1272,127,127.0,0,0,1280,56.9
SS_ROTT2,20,20,1272,63,64.0,0,0,1280,56.9
SS_ROTT2,30,30,1272,41,42.0,0,0,1280,57.0
SS_ROTT2,50,50,1272,22,25.0,0,0,1280,57.0
SS_ROTT2,100,100,1272,9,13.0,0,0,1280,57.0
SS_ROTT2,300,300,1272,1,4.0,210,0,1280,57.0
SS_ROTT2,500,497,1272,0,3.0,493,4,1280,57.1
SS_ROTT2,1000,977,1272,0,1.0,975,92,1280,57.1
SS_SUPPORT2,10,10,280,26,27.5,0,0,335,36.8
SS_SUPPORT2,20,20,280,12,14.0,0,0,335,36.8
SS_SUPPORT2,30,30,280,8,9.0,0,0,335,36.8
SS_SUPPORT2,50,50,280,4,6.0,4,0,335,36.8
SS_SUPPORT2,100,100,280,0,3.0,98,3,335,36.8
SS_SUPPORT2,300,274,280,0,1.0,274,69,335,36.8
SS_SUPPORT2,500,420,280,0,0.0,420,215,335,36.8
SS_SUPPORT2,1000,789,280,0,0.0,789,584,335,36.8
SS_TRACE,10,10,958,95,96.0,0,0,1003,46.4
SS_TRACE,20,20,958,47,48.0,0,0,1003,46.5
SS_TRACE,30,30,958,31,32.0,0,0,1003,46.5
SS_TRACE,50,50,958,19,19.0,0,0,1003,46.6
SS_TRACE,100,100,958,9,10.0,0,0,1003,46.6
SS_TRACE,300,300,958,3,3.0,300,0,1003,46.6
SS_TRACE,500,500,958,1,2.0,500,0,1003,46.6
SS_TRACE,1000,1000,958,0,1.0,1000,43,1003,46.6
SS_VETERAN,10,10,128,11,13.0,0,0,128,6.6
SS_VETERAN,20,20,128,5,6.0,0,0,128,6.6
SS_VETERAN,30,30,128,2,4.0,20,0,128,6.6
SS_VETERAN,50,50,128,0,2.5,49,1,128,6.6
SS_VETERAN,100,96,128,0,1.0,96,19,128,6.6
SS_VETERAN,300,248,128,0,0.0,248,152,128,6.6
SS_VETERAN,500,401,128,0,0.0,401,305,128,6.6
SS_VETERAN,1000,780,128,0,0.0,780,684,128,6.6
SS_VLBW,10,10,36,0,3.0,8,1,36,86.0
SS_VLBW,20,18,36,0,2.0,17,3,36,86.0
SS_VLBW,30,26,36,0,1.0,25,6,36,86.0
SS_VLBW,50,38,36,0,1.0,37,15,36,86.0
SS_VLBW,100,72,36,0,0.0,71,49,36,86.0
SS_VLBW,300,203,36,0,0.0,202,180,36,86.0
SS_VLBW,500,334,36,0,0.0,333,311,36,86.0
SS_VLBW,1000,663,36,0,0.0,662,640,36,86.0
SS_WHAS500,10,10,176,15,17.5,0,0,176,61.8
SS_WHAS500,20,20,176,6,9.0,0,0,176,61.8
SS_WHAS500,30,30,176,3,6.0,1,0,176,61.8
SS_WHAS500,50,50,176,1,3.0,49,0,176,61.8
SS_WHAS500,100,97,176,1,2.0,97,0,176,61.8
SS_WHAS500,300,276,176,0,1.0,276,123,176,61.8
SS_WHAS500,500,452,176,0,0.0,452,299,176,61.8
SS_WHAS500,1000,888,176,0,0.0,888,735,176,61.8
SUPPORT2,10,10,6036,541,600.0,0,0,6185,30.3
SUPPORT2,20,20,6036,220,301.5,0,0,6185,30.3
SUPPORT2,30,30,6036,142,200.5,0,0,6185,30.3
SUPPORT2,50,47,6036,84,121.0,0,0,6185,30.3
SUPPORT2,100,85,6036,28,61.0,0,0,6185,30.3
SUPPORT2,300,206,6036,0,21.0,3,3,6185,30.3
SUPPORT2,500,300,6036,0,13.0,8,6,6185,30.3
SUPPORT2,1000,498,6036,0,6.0,76,27,6185,30.3
SUPPORT_CR,10,10,6201,550,614.0,0,0,6355,30.2
SUPPORT_CR,20,20,6201,226,309.0,0,0,6355,30.2
SUPPORT_CR,30,30,6201,144,206.0,0,0,6355,30.2
SUPPORT_CR,50,47,6201,58,124.0,0,0,6355,30.2
SUPPORT_CR,100,85,6201,28,62.0,0,0,6355,30.2
SUPPORT_CR,300,205,6201,0,21.0,1,1,6355,30.2
SUPPORT_CR,500,302,6201,0,13.0,7,6,6355,30.2
SUPPORT_CR,1000,496,6201,0,7.0,73,27,6355,30.2
SYNTHETIC_CR,10,10,15000,983,1481.0,0,0,15000,40.3
SYNTHETIC_CR,20,18,15000,485,747.5,0,0,15000,40.3
SYNTHETIC_CR,30,25,15000,316,495.0,0,0,15000,40.3
SYNTHETIC_CR,50,36,15000,161,313.0,0,0,15000,40.3
SYNTHETIC_CR,100,54,15000,98,163.0,0,0,15000,40.3
SYNTHETIC_CR,300,91,15000,28,66.0,0,0,15000,40.3
SYNTHETIC_CR,500,110,15000,0,51.0,1,1,15000,40.3
SYNTHETIC_CR,1000,137,15000,0,31.0,4,4,15000,40.3
VETERANS,10,10,128,11,13.0,0,0,128,6.6
VETERANS,20,20,128,5,6.0,0,0,128,6.6
VETERANS,30,30,128,2,4.0,20,0,128,6.6
VETERANS,50,50,128,0,2.5,49,1,128,6.6
VETERANS,100,96,128,0,1.0,96,19,128,6.6
VETERANS,300,248,128,0,0.0,248,152,128,6.6
VETERANS,500,401,128,0,0.0,401,305,128,6.6
VETERANS,1000,780,128,0,0.0,780,684,128,6.6
WHAS500,10,10,215,15,21.0,0,0,215,57.0
WHAS500,20,20,215,7,11.0,0,0,215,57.0
WHAS500,30,30,215,0,7.0,2,1,215,57.0
WHAS500,50,48,215,2,4.0,33,0,215,57.0
WHAS500,100,92,215,0,2.0,89,4,215,57.0
WHAS500,300,255,215,0,1.0,252,94,215,57.0
WHAS500,500,401,215,0,0.0,398,240,215,57.0
WHAS500,1000,776,215,0,0.0,773,615,215,57.0
