Dataset,N,Features,Event rate,Num Events,Bins,Domain,Regime,Type,Cite,Authors
SUPPORT2,8873,14,0.680265975431083,1,30,Critical care,large,SR,\cite{knaus1995support},Knaus et al. (1995)
METABRIC,1904,9,0.5793067226890757,1,100,Oncology (breast),medium,SR,\cite{curtis2012genomic},Curtis et al. (2012)
GBSG,2232,7,0.567652329749104,1,100,Oncology (breast),medium,SR,\cite{schumacher1994randomized},Schumacher et al. (1994)
WHAS500,500,22,0.43,1,20,Cardiology,medium,SR,\cite{hosmer2008applied},Hosmer et al. (2008)
VETERANS,137,11,0.9343065693430657,1,20,Oncology (lung),small,SR,\cite{prentice1973exponential},Prentice (1973)
FLCHAIN,6524,43,0.30073574494175354,1,100,Haematology,large,SR,\cite{dispenzieri2012use},Dispenzieri et al. (2012)
SEER,4024,23,0.15308151093439365,1,30,Oncology (breast),medium,SR,\cite{nci2023seer},NCI SEER (2023)
ORMONI_TIRODEI_CV,8065,68,0.2984500929944203,1,100,Cardiovascular,large,SR,,
ORMONI_TIRODEI_MI,8065,68,0.32473651580905144,1,100,Cardiovascular,large,SR,,
ORMONI_TIRODEI_STROKE,8065,68,0.3077495350278983,1,100,Neurovascular,large,SR,,
ORMONI_TIRODEI_MORTALITY,8065,68,0.2984500929944203,1,100,All-cause mortality,large,SR,,
EICU_SURV,148319,124,0.058239335486350366,1,100,Critical care,large,SR,\cite{pollard2018eicu},Pollard et al. (2018)
MIMIC_SURV_B,65047,142,0.10447830030593264,1,100,Critical care,large,SR,\cite{johnson2023mimiciv},Johnson et al. (2023)
SS_CANCER,169,31,0.7218934911242604,1,20,Oncology (lung),small,SR,\cite{loprinzi1994prospective},Loprinzi et al. (1994)
SS_BREAST,100,8,0.26,1,10,Oncology (breast),small,SR,\cite{schumacher1994randomized},Schumacher et al. (1994)
SS_GBSG2,686,12,0.4358600583090379,1,50,Oncology (breast),medium,SR,\cite{sauerbrei1999modelling},Sauerbrei et al. (1999)
SS_ROTT2,2982,18,0.42655935613682094,1,100,Oncology (breast),medium,SR,\cite{royston2013external},Royston \& Altman (2013)
SS_COLON,911,19,0.4840834248079034,1,50,Oncology (colon),medium,SR,\cite{moertel1990levamisole},Moertel et al. (1990)
SS_PROSTATE,467,31,0.702355460385439,1,20,Oncology (prostate),small,SR,\cite{andrews1985data},Andrews \& Herzberg (1985)
SS_OVARIAN,26,7,0.46153846153846156,1,10,Oncology (ovarian),small,SR,\cite{edmonson1979different},Edmonson et al. (1979)
SS_MELANOMA,205,7,0.2780487804878049,1,10,Oncology (melanoma),small,SR,\cite{drzewiecki1980biopsy},Drzewiecki et al. (1980)
SS_E1684,284,5,0.6901408450704225,1,30,Oncology (melanoma),small,SR,\cite{kirkwood1996interferon},Kirkwood et al. (1996)
SS_PBC,312,11,0.40064102564102566,1,20,Hepatology,small,SR,\cite{fleming1991counting},Fleming \& Harrington (1991)
SS_HEPATOCELLULAR,101,56,0.44554455445544555,1,10,Oncology (liver),small,SR,\cite{llovet1999prognosis},Llovet et al. (1999)
SS_NWTCO,4028,14,0.14175769612711023,1,50,Paediatric oncology,medium,SR,\cite{dangelo1989treatment},D'Angio et al. (1989)
SS_RETINOPATHY,394,16,0.3934010152284264,1,20,Ophthalmology,small,SR,\cite{huster1989modelling},Huster et al. (1989)
SS_HEART,69,6,0.6521739130434783,1,10,Cardiology,small,SR,\cite{crowley1977covariance},Crowley \& Hu (1977)
SS_VETERAN,137,11,0.9343065693430657,1,20,Oncology (lung),small,SR,\cite{kalbfleisch1980statistical},Kalbfleisch \& Prentice (1980)
SS_WHAS500,461,26,0.38177874186550975,1,20,Cardiology,small,SR,\cite{hosmer2008applied},Hosmer et al. (2008)
SS_MGUS,46,14,0.9782608695652174,1,10,Haematology,small,SR,\cite{kyle2002longterm},Kyle et al. (2002)
SS_CGD,128,30,0.34375,1,10,Immunology,small,SR,\cite{fleming1991counting},Fleming \& Harrington (1991)
SS_COST,518,23,0.7799227799227799,1,50,Oncology (colorectal),medium,SR,\cite{goldberg2004randomized},Goldberg et al. (2004)
SS_LEUKSURV,1043,31,0.8427612655800575,1,30,Haematology,medium,SR,\cite{henderson2002modeling},Henderson et al. (2002)
SS_DIALYSIS,6805,74,0.2355620867009552,1,10,Nephrology,large,SR,\cite{wolfe1999comparison},Wolfe et al. (1999)
SS_ACTG,1151,24,0.08340573414422242,1,10,Infectious disease,medium,SR,\cite{hammer1997controlled},Hammer et al. (1997)
SS_RHC,634,104,0.4242902208201893,1,30,Critical care,medium,SR,\cite{connors1996effectiveness},Connors et al. (1996)
SS_VLBW,257,56,0.14007782101167315,1,10,Neonatology,small,SR,\cite{oshea1992prenatal},O'Shea et al. (1992)
SS_GRACE,1000,7,0.324,1,10,Cardiology,medium,SR,\cite{fox2006prediction},Fox et al. (2006)
SS_TRACE,1878,10,0.5101171458998935,1,100,Cardiology,medium,SR,\cite{kober1995clinical},K{\o}ber et al. (1995)
SS_SUPPORT2,530,76,0.5283018867924528,1,30,Critical care,medium,SR,\cite{knaus1995support},Knaus et al. (1995)
SS_DLBCL,240,7399,0.575,1,20,Oncology (lymphoma),small,SR,\cite{rosenwald2002use},Rosenwald et al. (2002)
SS_DIABETES,394,7,0.3934010152284264,1,30,Endocrinology,small,SR,\cite{collett2015modelling},Collett (2015)
SS_FLCHAIN,6521,36,0.3004140469253182,1,100,Haematology,large,SR,\cite{dispenzieri2012use},Dispenzieri et al. (2012)
SS_FRAMINGHAM,4658,19,0.3145126663804208,1,100,Cardiology,medium,SR,\cite{dawber1951epidemiological},Dawber et al. (1951)
FRAMINGHAM,4273,18,0.41727123800608473,2,100,Cardiology,medium (CR),CR,\cite{dawber1951epidemiological},Dawber et al. (1951)
PBC2,1945,16,0.44832904884318764,2,50,Hepatology,medium (CR),CR,\cite{murtaugh1994primary},Murtaugh et al. (1994)
SUPPORT_CR,9105,37,0.6810543657331136,2,30,Critical care,large (CR),CR,\cite{knaus1995support},Knaus et al. (1995)
SYNTHETIC_CR,30000,12,0.5,2,10,Synthetic,large (CR),CR,,Synthetic
