Task,Model,Fold,C-index,IBS,AUC_mean,AUC_t=673.2,AUC_t=1517.5,AUC_t=2406.0,AUC_t=446.8,AUC_t=1330.0,AUC_t=2215.0,AUC_t=501.5,AUC_t=1345.0,AUC_t=2068.5,AUC_t=563.0,AUC_t=1399.0,AUC_t=2304.0,AUC_t=515.5,AUC_t=1339.5,AUC_t=2156.0,AUC_t=563.5,AUC_t=1321.0,AUC_t=2208.8,AUC_t=521.8,AUC_t=1448.0,AUC_t=2178.2,AUC_t=476.5,AUC_t=1325.0,AUC_t=2277.0,AUC_t=568.5,AUC_t=1352.0,AUC_t=2330.5,AUC_t=576.2,AUC_t=1418.5,AUC_t=2218.2,AUC_t=508.0,AUC_t=1276.0,AUC_t=2221.0,AUC_t=495.0,AUC_t=1273.0,AUC_t=2152.0,AUC_t=440.5,AUC_t=1344.5,AUC_t=2069.8,AUC_t=451.8,AUC_t=1220.0,AUC_t=2000.5,AUC_t=473.0,AUC_t=1367.0,AUC_t=2166.0,AUC_t=457.5,AUC_t=1400.0,AUC_t=2357.0,AUC_t=361.0,AUC_t=1227.0,AUC_t=2029.5,AUC_t=370.0,AUC_t=1130.0,AUC_t=2030.8,AUC_t=453.2,AUC_t=1346.5,AUC_t=2161.5,AUC_t=454.0,AUC_t=1366.5,AUC_t=2276.0
Total Mortality,Kaplan-Meier,1,0.5,0.11978190111492173,0.5,0.5,0.5,0.5,,,,,,,,,,,,,,,,,,,,,,,,,,,,,,,,,,,,,,,,,,,,,,,,,,,,,,,,,
Total Mortality,Multivariate Cox,1,0.7839802318387428,,,,,,,,,,,,,,,,,,,,,,,,,,,,,,,,,,,,,,,,,,,,,,,,,,,,,,,,,,,,,,
Total Mortality,DeepSurv,1,5.555082344837292e-05,,,,,,,,,,,,,,,,,,,,,,,,,,,,,,,,,,,,,,,,,,,,,,,,,,,,,,,,,,,,,,
Total Mortality,TorchSurv (Custom),1,0.7696542424118935,,,,,,,,,,,,,,,,,,,,,,,,,,,,,,,,,,,,,,,,,,,,,,,,,,,,,,,,,,,,,,
Total Mortality,RSF,1,0.7842358546136207,0.09609015516668686,0.8167862807620518,0.8125654168757888,0.8224535537044744,0.8154973693079998,,,,,,,,,,,,,,,,,,,,,,,,,,,,,,,,,,,,,,,,,,,,,,,,,,,,,,,,,
Total Mortality,GBSA,1,0.7867994917181925,0.09711163975150926,0.8138237882913593,0.8006579994402873,0.8176897485295578,0.8205455283138215,,,,,,,,,,,,,,,,,,,,,,,,,,,,,,,,,,,,,,,,,,,,,,,,,,,,,,,,,
Total Mortality,Embedding Cox,1,,,,,,,,,,,,,,,,,,,,,,,,,,,,,,,,,,,,,,,,,,,,,,,,,,,,,,,,,,,,,,,
Total Mortality,Kaplan-Meier,2,0.5,0.11820306581400795,0.5,,,,0.5,0.5,0.5,,,,,,,,,,,,,,,,,,,,,,,,,,,,,,,,,,,,,,,,,,,,,,,,,,,,,,
Total Mortality,Multivariate Cox,2,0.8011844152170838,,,,,,,,,,,,,,,,,,,,,,,,,,,,,,,,,,,,,,,,,,,,,,,,,,,,,,,,,,,,,,
Total Mortality,DeepSurv,2,6.361952695347292e-05,,,,,,,,,,,,,,,,,,,,,,,,,,,,,,,,,,,,,,,,,,,,,,,,,,,,,,,,,,,,,,
Total Mortality,TorchSurv (Custom),2,0.7890326686465846,,,,,,,,,,,,,,,,,,,,,,,,,,,,,,,,,,,,,,,,,,,,,,,,,,,,,,,,,,,,,,
Total Mortality,RSF,2,0.8037865931268562,0.0932043032315681,0.8388879846048343,,,,0.8371960396929475,0.8416928302436677,0.8379091261374777,,,,,,,,,,,,,,,,,,,,,,,,,,,,,,,,,,,,,,,,,,,,,,,,,,,,,,
Total Mortality,GBSA,2,0.7974685334464715,0.09096403443413695,0.8329489375570934,,,,0.8364028568207882,0.8338271887374886,0.8294043221444347,,,,,,,,,,,,,,,,,,,,,,,,,,,,,,,,,,,,,,,,,,,,,,,,,,,,,,
Total Mortality,Embedding Cox,2,,,,,,,,,,,,,,,,,,,,,,,,,,,,,,,,,,,,,,,,,,,,,,,,,,,,,,,,,,,,,,,
Total Mortality,Kaplan-Meier,3,0.5,0.11631466129687236,0.5,,,,,,,0.5,0.5,0.5,,,,,,,,,,,,,,,,,,,,,,,,,,,,,,,,,,,,,,,,,,,,,,,,,,,
Total Mortality,Multivariate Cox,3,0.7985888300416508,,,,,,,,,,,,,,,,,,,,,,,,,,,,,,,,,,,,,,,,,,,,,,,,,,,,,,,,,,,,,,
Total Mortality,DeepSurv,3,0.7773426456267474,,,,,,,,,,,,,,,,,,,,,,,,,,,,,,,,,,,,,,,,,,,,,,,,,,,,,,,,,,,,,,
Total Mortality,TorchSurv (Custom),3,0.7929155218221619,,,,,,,,,,,,,,,,,,,,,,,,,,,,,,,,,,,,,,,,,,,,,,,,,,,,,,,,,,,,,,
Total Mortality,RSF,3,0.7934112816788803,0.09499946592434928,0.8296894551483476,,,,,,,0.8381564693234924,0.8283557577719991,0.8238285925992559,,,,,,,,,,,,,,,,,,,,,,,,,,,,,,,,,,,,,,,,,,,,,,,,,,,
Total Mortality,GBSA,3,0.7951045459782354,0.09230827924241551,0.8317636433734117,,,,,,,0.8404381618610477,0.8276827812279572,0.8280965954499873,,,,,,,,,,,,,,,,,,,,,,,,,,,,,,,,,,,,,,,,,,,,,,,,,,,
Total Mortality,Embedding Cox,3,,,,,,,,,,,,,,,,,,,,,,,,,,,,,,,,,,,,,,,,,,,,,,,,,,,,,,,,,,,,,,,
Total Mortality,Kaplan-Meier,4,0.5,0.11871765917199494,0.5,,,,,,,,,,0.5,0.5,0.5,,,,,,,,,,,,,,,,,,,,,,,,,,,,,,,,,,,,,,,,,,,,,,,,
Total Mortality,Multivariate Cox,4,0.7882614053058983,,,,,,,,,,,,,,,,,,,,,,,,,,,,,,,,,,,,,,,,,,,,,,,,,,,,,,,,,,,,,,
Total Mortality,DeepSurv,4,0.7560186095518645,,,,,,,,,,,,,,,,,,,,,,,,,,,,,,,,,,,,,,,,,,,,,,,,,,,,,,,,,,,,,,
Total Mortality,TorchSurv (Custom),4,0.7811725233450615,,,,,,,,,,,,,,,,,,,,,,,,,,,,,,,,,,,,,,,,,,,,,,,,,,,,,,,,,,,,,,
Total Mortality,RSF,4,0.7827164892590448,0.09675459320410303,0.812593334682098,,,,,,,,,,0.8188694579020294,0.8028477224751569,0.815763369615383,,,,,,,,,,,,,,,,,,,,,,,,,,,,,,,,,,,,,,,,,,,,,,,,
Total Mortality,GBSA,4,0.7798104188007542,0.09657446282462001,0.8044732647325892,,,,,,,,,,0.8044322726064315,0.7986456094556003,0.8093114541247933,,,,,,,,,,,,,,,,,,,,,,,,,,,,,,,,,,,,,,,,,,,,,,,,
Total Mortality,Embedding Cox,4,,,,,,,,,,,,,,,,,,,,,,,,,,,,,,,,,,,,,,,,,,,,,,,,,,,,,,,,,,,,,,,
Total Mortality,Kaplan-Meier,5,0.5,0.11754878904428524,0.5,,,,,,,,,,,,,0.5,0.5,0.5,,,,,,,,,,,,,,,,,,,,,,,,,,,,,,,,,,,,,,,,,,,,,
Total Mortality,Multivariate Cox,5,0.7883985291592743,,,,,,,,,,,,,,,,,,,,,,,,,,,,,,,,,,,,,,,,,,,,,,,,,,,,,,,,,,,,,,
Total Mortality,DeepSurv,5,9.296671076626024e-05,,,,,,,,,,,,,,,,,,,,,,,,,,,,,,,,,,,,,,,,,,,,,,,,,,,,,,,,,,,,,,
Total Mortality,TorchSurv (Custom),5,0.7828399530704515,,,,,,,,,,,,,,,,,,,,,,,,,,,,,,,,,,,,,,,,,,,,,,,,,,,,,,,,,,,,,,
Total Mortality,RSF,5,0.7867424025639558,0.0955362802622434,0.8134929266609326,,,,,,,,,,,,,0.8040368044960002,0.8056858007346492,0.827875766485013,,,,,,,,,,,,,,,,,,,,,,,,,,,,,,,,,,,,,,,,,,,,,
Total Mortality,GBSA,5,0.7787479253705717,0.09766078040606235,0.8012861360683023,,,,,,,,,,,,,0.7894459044324091,0.7976677936167549,0.8140742943060706,,,,,,,,,,,,,,,,,,,,,,,,,,,,,,,,,,,,,,,,,,,,,
Total Mortality,Embedding Cox,5,,,,,,,,,,,,,,,,,,,,,,,,,,,,,,,,,,,,,,,,,,,,,,,,,,,,,,,,,,,,,,,
CV Mortality,Kaplan-Meier,1,0.5,0.11932457314770126,0.5,,,,,,,,,,,,,,,,0.5,0.5,0.5,,,,,,,,,,,,,,,,,,,,,,,,,,,,,,,,,,,,,,,,,,
CV Mortality,Multivariate Cox,1,0.7943203857582606,,,,,,,,,,,,,,,,,,,,,,,,,,,,,,,,,,,,,,,,,,,,,,,,,,,,,,,,,,,,,,
CV Mortality,DeepSurv,1,1.6249989843756348e-05,,,,,,,,,,,,,,,,,,,,,,,,,,,,,,,,,,,,,,,,,,,,,,,,,,,,,,,,,,,,,,
CV Mortality,DeepHit,1,0.770111393680379,,,,,,,,,,,,,,,,,,,,,,,,,,,,,,,,,,,,,,,,,,,,,,,,,,,,,,,,,,,,,,
CV Mortality,TorchSurv (Custom),1,0.7721179338445935,,,,,,,,,,,,,,,,,,,,,,,,,,,,,,,,,,,,,,,,,,,,,,,,,,,,,,,,,,,,,,
CV Mortality,RSF,1,0.7857867297734916,0.09552508369253712,0.8206316803383511,,,,,,,,,,,,,,,,0.8202691095152528,0.8253538716731192,0.8169857999279468,,,,,,,,,,,,,,,,,,,,,,,,,,,,,,,,,,,,,,,,,,
CV Mortality,GBSA,1,0.784918417821747,0.09392745634449248,0.8191254867006801,,,,,,,,,,,,,,,,0.8158194535795005,0.8232284726320902,0.8183747872786922,,,,,,,,,,,,,,,,,,,,,,,,,,,,,,,,,,,,,,,,,,
CV Mortality,Embedding Cox,1,,,,,,,,,,,,,,,,,,,,,,,,,,,,,,,,,,,,,,,,,,,,,,,,,,,,,,,,,,,,,,,
CV Mortality,Kaplan-Meier,2,0.5,0.11527971560262967,0.5,,,,,,,,,,,,,,,,,,,0.5,0.5,0.5,,,,,,,,,,,,,,,,,,,,,,,,,,,,,,,,,,,,,,,
CV Mortality,Multivariate Cox,2,0.8065412394115025,,,,,,,,,,,,,,,,,,,,,,,,,,,,,,,,,,,,,,,,,,,,,,,,,,,,,,,,,,,,,,
CV Mortality,DeepSurv,2,4.046551528787168e-05,,,,,,,,,,,,,,,,,,,,,,,,,,,,,,,,,,,,,,,,,,,,,,,,,,,,,,,,,,,,,,
CV Mortality,DeepHit,2,0.8147893365274114,,,,,,,,,,,,,,,,,,,,,,,,,,,,,,,,,,,,,,,,,,,,,,,,,,,,,,,,,,,,,,
CV Mortality,TorchSurv (Custom),2,0.7892429781542577,,,,,,,,,,,,,,,,,,,,,,,,,,,,,,,,,,,,,,,,,,,,,,,,,,,,,,,,,,,,,,
CV Mortality,RSF,2,0.8051288452964779,0.09280174866044748,0.8313661970945765,,,,,,,,,,,,,,,,,,,0.8163882757536959,0.8290232835855318,0.845546185440387,,,,,,,,,,,,,,,,,,,,,,,,,,,,,,,,,,,,,,,
CV Mortality,GBSA,2,0.8048756130182791,0.09226728831545239,0.8280591983218645,,,,,,,,,,,,,,,,,,,0.8084978240968292,0.8282004083370134,0.8438655109109571,,,,,,,,,,,,,,,,,,,,,,,,,,,,,,,,,,,,,,,
CV Mortality,Embedding Cox,2,0.7897672759696834,0.1361716267018494,0.8221102489580834,,,,,,,,,,,,,,,,,,,0.8316010568843484,0.8205730587417366,0.8156860430943758,,,,,,,,,,,,,,,,,,,,,,,,,,,,,,,,,,,,,,,
CV Mortality,Kaplan-Meier,3,0.5,0.12071378116453,0.5,,,,,,,,,,,,,,,,,,,,,,0.5,0.5,0.5,,,,,,,,,,,,,,,,,,,,,,,,,,,,,,,,,,,,
CV Mortality,Multivariate Cox,3,0.7813707719753603,,,,,,,,,,,,,,,,,,,,,,,,,,,,,,,,,,,,,,,,,,,,,,,,,,,,,,,,,,,,,,
CV Mortality,DeepSurv,3,1.642386716376238e-05,,,,,,,,,,,,,,,,,,,,,,,,,,,,,,,,,,,,,,,,,,,,,,,,,,,,,,,,,,,,,,
CV Mortality,DeepHit,3,0.7977564997454301,,,,,,,,,,,,,,,,,,,,,,,,,,,,,,,,,,,,,,,,,,,,,,,,,,,,,,,,,,,,,,
CV Mortality,TorchSurv (Custom),3,0.7714676934407299,,,,,,,,,,,,,,,,,,,,,,,,,,,,,,,,,,,,,,,,,,,,,,,,,,,,,,,,,,,,,,
CV Mortality,RSF,3,0.7921032780262485,0.09779574765326277,0.8230476880305666,,,,,,,,,,,,,,,,,,,,,,0.8196042695683021,0.8165097843320074,0.8311744062174238,,,,,,,,,,,,,,,,,,,,,,,,,,,,,,,,,,,,
CV Mortality,GBSA,3,0.7925608932076321,0.09639923264804565,0.8190823071885397,,,,,,,,,,,,,,,,,,,,,,0.8115938325585426,0.8094391269186665,0.832982304524274,,,,,,,,,,,,,,,,,,,,,,,,,,,,,,,,,,,,
CV Mortality,Embedding Cox,3,0.641923270804509,0.14388818126374253,0.6696917149964389,,,,,,,,,,,,,,,,,,,,,,0.6934086116357925,0.6640298656544599,0.6555284827497392,,,,,,,,,,,,,,,,,,,,,,,,,,,,,,,,,,,,
CV Mortality,Kaplan-Meier,4,0.5,0.12031468416200373,0.5,,,,,,,,,,,,,,,,,,,,,,,,,0.5,0.5,0.5,,,,,,,,,,,,,,,,,,,,,,,,,,,,,,,,,
CV Mortality,Multivariate Cox,4,0.7891362737043001,,,,,,,,,,,,,,,,,,,,,,,,,,,,,,,,,,,,,,,,,,,,,,,,,,,,,,,,,,,,,,
CV Mortality,DeepSurv,4,2.4315912333030734e-05,,,,,,,,,,,,,,,,,,,,,,,,,,,,,,,,,,,,,,,,,,,,,,,,,,,,,,,,,,,,,,
CV Mortality,DeepHit,4,0.7706968940474647,,,,,,,,,,,,,,,,,,,,,,,,,,,,,,,,,,,,,,,,,,,,,,,,,,,,,,,,,,,,,,
CV Mortality,TorchSurv (Custom),4,0.7760494000007369,,,,,,,,,,,,,,,,,,,,,,,,,,,,,,,,,,,,,,,,,,,,,,,,,,,,,,,,,,,,,,
CV Mortality,RSF,4,0.7815575295578391,0.09666903025544796,0.8221422413563709,,,,,,,,,,,,,,,,,,,,,,,,,0.8356856717628285,0.8131953589012357,0.8189913209203662,,,,,,,,,,,,,,,,,,,,,,,,,,,,,,,,,
CV Mortality,GBSA,4,0.7845123923704116,0.0948142324398885,0.8208615669939175,,,,,,,,,,,,,,,,,,,,,,,,,0.8229523220939877,0.8132157233385937,0.8255423620765698,,,,,,,,,,,,,,,,,,,,,,,,,,,,,,,,,
CV Mortality,Embedding Cox,4,0.7800119373510134,0.14537462556742994,0.8144271293338714,,,,,,,,,,,,,,,,,,,,,,,,,0.8177008021759294,0.8069433132202399,0.8180545234309863,,,,,,,,,,,,,,,,,,,,,,,,,,,,,,,,,
CV Mortality,Kaplan-Meier,5,0.5,0.11754353865480417,0.5,,,,,,,,,,,,,,,,,,,,,,,,,,,,0.5,0.5,0.5,,,,,,,,,,,,,,,,,,,,,,,,,,,,,,
CV Mortality,Multivariate Cox,5,0.787466740134417,,,,,,,,,,,,,,,,,,,,,,,,,,,,,,,,,,,,,,,,,,,,,,,,,,,,,,,,,,,,,,
CV Mortality,DeepSurv,5,0.7743013963867876,,,,,,,,,,,,,,,,,,,,,,,,,,,,,,,,,,,,,,,,,,,,,,,,,,,,,,,,,,,,,,
CV Mortality,DeepHit,5,0.7649935185337118,,,,,,,,,,,,,,,,,,,,,,,,,,,,,,,,,,,,,,,,,,,,,,,,,,,,,,,,,,,,,,
CV Mortality,TorchSurv (Custom),5,0.7859840932653757,,,,,,,,,,,,,,,,,,,,,,,,,,,,,,,,,,,,,,,,,,,,,,,,,,,,,,,,,,,,,,
CV Mortality,RSF,5,0.7881518752401598,0.09583354385827131,0.8165597360151986,,,,,,,,,,,,,,,,,,,,,,,,,,,,0.8165110208531112,0.8190042021514401,0.8145328094733474,,,,,,,,,,,,,,,,,,,,,,,,,,,,,,
CV Mortality,GBSA,5,0.7823409145284893,0.09763135120631372,0.8118556206635653,,,,,,,,,,,,,,,,,,,,,,,,,,,,0.8186844283694905,0.814693519101072,0.8039236311592698,,,,,,,,,,,,,,,,,,,,,,,,,,,,,,
CV Mortality,Embedding Cox,5,0.7476455277715346,0.13892817543722022,0.7855803645871323,,,,,,,,,,,,,,,,,,,,,,,,,,,,0.8082264576339713,0.7920708719835172,0.7617448095116401,,,,,,,,,,,,,,,,,,,,,,,,,,,,,,
Myocardial Infarction,Kaplan-Meier,1,0.5,0.1294114602252602,0.5,,,,,,,,,,,,,,,,,,,,,,,,,,,,,,,0.5,0.5,0.5,,,,,,,,,,,,,,,,,,,,,,,,,,,
Myocardial Infarction,Multivariate Cox,1,0.7674470486775905,,,,,,,,,,,,,,,,,,,,,,,,,,,,,,,,,,,,,,,,,,,,,,,,,,,,,,,,,,,,,,
Myocardial Infarction,DeepSurv,1,0.6717820405893801,,,,,,,,,,,,,,,,,,,,,,,,,,,,,,,,,,,,,,,,,,,,,,,,,,,,,,,,,,,,,,
Myocardial Infarction,DeepHit,1,0.6930497636919656,,,,,,,,,,,,,,,,,,,,,,,,,,,,,,,,,,,,,,,,,,,,,,,,,,,,,,,,,,,,,,
Myocardial Infarction,TorchSurv (Custom),1,0.7575909936967865,,,,,,,,,,,,,,,,,,,,,,,,,,,,,,,,,,,,,,,,,,,,,,,,,,,,,,,,,,,,,,
Myocardial Infarction,RSF,1,0.766195063315164,0.10582802176463618,0.8045086084834845,,,,,,,,,,,,,,,,,,,,,,,,,,,,,,,0.806021113332926,0.7989360057590275,0.807907448716621,,,,,,,,,,,,,,,,,,,,,,,,,,,
Myocardial Infarction,GBSA,1,0.7651495223476057,0.10611490914539569,0.8004434871952006,,,,,,,,,,,,,,,,,,,,,,,,,,,,,,,0.7987520287500331,0.7959342083874686,0.8055240936027587,,,,,,,,,,,,,,,,,,,,,,,,,,,
Myocardial Infarction,Embedding Cox,1,0.5263616173253464,0.15833635951690794,0.5416039038430185,,,,,,,,,,,,,,,,,,,,,,,,,,,,,,,0.5693685448436201,0.5355964817600832,0.5243783858645856,,,,,,,,,,,,,,,,,,,,,,,,,,,
Myocardial Infarction,Kaplan-Meier,2,0.5,0.12843368469154115,0.5,,,,,,,,,,,,,,,,,,,,,,,,,,,,,,,,,,0.5,0.5,0.5,,,,,,,,,,,,,,,,,,,,,,,,
Myocardial Infarction,Multivariate Cox,2,0.7764189156214923,,,,,,,,,,,,,,,,,,,,,,,,,,,,,,,,,,,,,,,,,,,,,,,,,,,,,,,,,,,,,,
Myocardial Infarction,DeepSurv,2,4.0069988913969734e-05,,,,,,,,,,,,,,,,,,,,,,,,,,,,,,,,,,,,,,,,,,,,,,,,,,,,,,,,,,,,,,
Myocardial Infarction,DeepHit,2,0.6889500327238243,,,,,,,,,,,,,,,,,,,,,,,,,,,,,,,,,,,,,,,,,,,,,,,,,,,,,,,,,,,,,,
Myocardial Infarction,TorchSurv (Custom),2,0.7793275096383778,,,,,,,,,,,,,,,,,,,,,,,,,,,,,,,,,,,,,,,,,,,,,,,,,,,,,,,,,,,,,,
Myocardial Infarction,RSF,2,0.7714346135701853,0.10660403954169512,0.793766965461156,,,,,,,,,,,,,,,,,,,,,,,,,,,,,,,,,,0.7736735095877736,0.7853049678253161,0.8180197070438415,,,,,,,,,,,,,,,,,,,,,,,,
Myocardial Infarction,GBSA,2,0.7743204333609878,0.10462479001909537,0.799553333982618,,,,,,,,,,,,,,,,,,,,,,,,,,,,,,,,,,0.7799064891643273,0.7952220979660479,0.8198568197260343,,,,,,,,,,,,,,,,,,,,,,,,
Myocardial Infarction,Embedding Cox,2,,,,,,,,,,,,,,,,,,,,,,,,,,,,,,,,,,,,,,,,,,,,,,,,,,,,,,,,,,,,,,,
Myocardial Infarction,Kaplan-Meier,3,0.5,0.1233530527678205,0.5,,,,,,,,,,,,,,,,,,,,,,,,,,,,,,,,,,,,,0.5,0.5,0.5,,,,,,,,,,,,,,,,,,,,,
Myocardial Infarction,Multivariate Cox,3,0.7479805299037543,,,,,,,,,,,,,,,,,,,,,,,,,,,,,,,,,,,,,,,,,,,,,,,,,,,,,,,,,,,,,,
Myocardial Infarction,DeepSurv,3,1.3096547750013096e-05,,,,,,,,,,,,,,,,,,,,,,,,,,,,,,,,,,,,,,,,,,,,,,,,,,,,,,,,,,,,,,
Myocardial Infarction,DeepHit,3,0.6196697050657447,,,,,,,,,,,,,,,,,,,,,,,,,,,,,,,,,,,,,,,,,,,,,,,,,,,,,,,,,,,,,,
Myocardial Infarction,TorchSurv (Custom),3,0.7306160114896963,,,,,,,,,,,,,,,,,,,,,,,,,,,,,,,,,,,,,,,,,,,,,,,,,,,,,,,,,,,,,,
Myocardial Infarction,RSF,3,0.7611241446090059,0.10319461338232987,0.794758208566838,,,,,,,,,,,,,,,,,,,,,,,,,,,,,,,,,,,,,0.7861238171033632,0.7957843082502045,0.8009966721750337,,,,,,,,,,,,,,,,,,,,,
Myocardial Infarction,GBSA,3,0.7607082280002859,0.10089811284682508,0.7903109325664943,,,,,,,,,,,,,,,,,,,,,,,,,,,,,,,,,,,,,0.7697610397625757,0.8009023206777457,0.7982346291474529,,,,,,,,,,,,,,,,,,,,,
Myocardial Infarction,Embedding Cox,3,0.6397349831358813,0.14866694342863407,0.664223082691232,,,,,,,,,,,,,,,,,,,,,,,,,,,,,,,,,,,,,0.6730059386419357,0.6706514371640274,0.6515288189561642,,,,,,,,,,,,,,,,,,,,,
Myocardial Infarction,Kaplan-Meier,4,0.5,0.12475425246371968,0.5,,,,,,,,,,,,,,,,,,,,,,,,,,,,,,,,,,,,,,,,0.5,0.5,0.5,,,,,,,,,,,,,,,,,,
Myocardial Infarction,Multivariate Cox,4,0.7692337969036999,,,,,,,,,,,,,,,,,,,,,,,,,,,,,,,,,,,,,,,,,,,,,,,,,,,,,,,,,,,,,,
Myocardial Infarction,DeepSurv,4,3.770976054302055e-05,,,,,,,,,,,,,,,,,,,,,,,,,,,,,,,,,,,,,,,,,,,,,,,,,,,,,,,,,,,,,,
Myocardial Infarction,DeepHit,4,0.7123750864182012,,,,,,,,,,,,,,,,,,,,,,,,,,,,,,,,,,,,,,,,,,,,,,,,,,,,,,,,,,,,,,
Myocardial Infarction,TorchSurv (Custom),4,0.7563500393597481,,,,,,,,,,,,,,,,,,,,,,,,,,,,,,,,,,,,,,,,,,,,,,,,,,,,,,,,,,,,,,
Myocardial Infarction,RSF,4,0.7676331671477302,0.1051698627470115,0.7830115890748148,,,,,,,,,,,,,,,,,,,,,,,,,,,,,,,,,,,,,,,,0.7700885490175546,0.7703789701218153,0.8047446631403017,,,,,,,,,,,,,,,,,,
Myocardial Infarction,GBSA,4,0.7642318289162949,0.10762307863945415,0.7761041207001161,,,,,,,,,,,,,,,,,,,,,,,,,,,,,,,,,,,,,,,,0.7602385169355801,0.7643697777181439,0.7995051039186197,,,,,,,,,,,,,,,,,,
Myocardial Infarction,Embedding Cox,4,,,,,,,,,,,,,,,,,,,,,,,,,,,,,,,,,,,,,,,,,,,,,,,,,,,,,,,,,,,,,,,
Myocardial Infarction,Kaplan-Meier,5,0.5,0.12576908971399312,0.5,,,,,,,,,,,,,,,,,,,,,,,,,,,,,,,,,,,,,,,,,,,0.5,0.5,0.5,,,,,,,,,,,,,,,
Myocardial Infarction,Multivariate Cox,5,0.7538404492001272,,,,,,,,,,,,,,,,,,,,,,,,,,,,,,,,,,,,,,,,,,,,,,,,,,,,,,,,,,,,,,
Myocardial Infarction,DeepSurv,5,0.6726428386577336,,,,,,,,,,,,,,,,,,,,,,,,,,,,,,,,,,,,,,,,,,,,,,,,,,,,,,,,,,,,,,
Myocardial Infarction,DeepHit,5,0.7061276130776087,,,,,,,,,,,,,,,,,,,,,,,,,,,,,,,,,,,,,,,,,,,,,,,,,,,,,,,,,,,,,,
Myocardial Infarction,TorchSurv (Custom),5,0.7526618285835364,,,,,,,,,,,,,,,,,,,,,,,,,,,,,,,,,,,,,,,,,,,,,,,,,,,,,,,,,,,,,,
Myocardial Infarction,RSF,5,0.7549164371225765,0.10677507132515329,0.7793231235520175,,,,,,,,,,,,,,,,,,,,,,,,,,,,,,,,,,,,,,,,,,,0.7886454955138261,0.7842051196786342,0.7676603979820122,,,,,,,,,,,,,,,
Myocardial Infarction,GBSA,5,0.7506025532365717,0.10735818401324827,0.7749397185151837,,,,,,,,,,,,,,,,,,,,,,,,,,,,,,,,,,,,,,,,,,,0.7870563519013677,0.7776720697488498,0.7628088357209627,,,,,,,,,,,,,,,
Myocardial Infarction,Embedding Cox,5,0.7453765626655366,0.151340145616152,0.764488437278207,,,,,,,,,,,,,,,,,,,,,,,,,,,,,,,,,,,,,,,,,,,0.7679039010461398,0.7694099658158733,0.757590220245977,,,,,,,,,,,,,,,
Stroke (Ictus),Kaplan-Meier,1,0.5,0.12193115577558428,0.5,,,,,,,,,,,,,,,,,,,,,,,,,,,,,,,,,,,,,,,,,,,,,,0.5,0.5,0.5,,,,,,,,,,,,
Stroke (Ictus),Multivariate Cox,1,0.7701144609024184,,,,,,,,,,,,,,,,,,,,,,,,,,,,,,,,,,,,,,,,,,,,,,,,,,,,,,,,,,,,,,
Stroke (Ictus),DeepSurv,1,0.4878317770752151,,,,,,,,,,,,,,,,,,,,,,,,,,,,,,,,,,,,,,,,,,,,,,,,,,,,,,,,,,,,,,
Stroke (Ictus),DeepHit,1,0.4716197338430998,,,,,,,,,,,,,,,,,,,,,,,,,,,,,,,,,,,,,,,,,,,,,,,,,,,,,,,,,,,,,,
Stroke (Ictus),TorchSurv (Custom),1,0.7499912705230004,,,,,,,,,,,,,,,,,,,,,,,,,,,,,,,,,,,,,,,,,,,,,,,,,,,,,,,,,,,,,,
Stroke (Ictus),RSF,1,0.7724225346211058,0.10012918906107782,0.7908795227679302,,,,,,,,,,,,,,,,,,,,,,,,,,,,,,,,,,,,,,,,,,,,,,0.7573795851249084,0.7943840550574257,0.8142352086932573,,,,,,,,,,,,
Stroke (Ictus),GBSA,1,0.7685780729504934,0.10028351925108396,0.7858225455423316,,,,,,,,,,,,,,,,,,,,,,,,,,,,,,,,,,,,,,,,,,,,,,0.7531860149455113,0.7836563537648351,0.8131149509207747,,,,,,,,,,,,
Stroke (Ictus),Embedding Cox,1,,,,,,,,,,,,,,,,,,,,,,,,,,,,,,,,,,,,,,,,,,,,,,,,,,,,,,,,,,,,,,,
Stroke (Ictus),Kaplan-Meier,2,0.5,0.11912359475073007,0.5,,,,,,,,,,,,,,,,,,,,,,,,,,,,,,,,,,,,,,,,,,,,,,,,,0.5,0.5,0.5,,,,,,,,,
Stroke (Ictus),Multivariate Cox,2,0.7916083539670579,,,,,,,,,,,,,,,,,,,,,,,,,,,,,,,,,,,,,,,,,,,,,,,,,,,,,,,,,,,,,,
Stroke (Ictus),DeepSurv,2,0.60984230560087,,,,,,,,,,,,,,,,,,,,,,,,,,,,,,,,,,,,,,,,,,,,,,,,,,,,,,,,,,,,,,
Stroke (Ictus),DeepHit,2,0.6248640565524741,,,,,,,,,,,,,,,,,,,,,,,,,,,,,,,,,,,,,,,,,,,,,,,,,,,,,,,,,,,,,,
Stroke (Ictus),TorchSurv (Custom),2,0.7716553181182043,,,,,,,,,,,,,,,,,,,,,,,,,,,,,,,,,,,,,,,,,,,,,,,,,,,,,,,,,,,,,,
Stroke (Ictus),RSF,2,0.7859094089783615,0.09829627343617109,0.817199867219393,,,,,,,,,,,,,,,,,,,,,,,,,,,,,,,,,,,,,,,,,,,,,,,,,0.823450294060726,0.8055834986413911,0.8219011277790369,,,,,,,,,
Stroke (Ictus),GBSA,2,0.7899632629992465,0.09526314284788497,0.8175400537088643,,,,,,,,,,,,,,,,,,,,,,,,,,,,,,,,,,,,,,,,,,,,,,,,,0.816618262429474,0.8074422472076497,0.8271430603210321,,,,,,,,,
Stroke (Ictus),Embedding Cox,2,0.7838084696953386,0.14181536315060822,0.8126237462833763,,,,,,,,,,,,,,,,,,,,,,,,,,,,,,,,,,,,,,,,,,,,,,,,,0.8223748560679021,0.7999456018784458,0.8152119880665621,,,,,,,,,
Stroke (Ictus),Kaplan-Meier,3,0.5,0.12222714714240324,0.5,,,,,,,,,,,,,,,,,,,,,,,,,,,,,,,,,,,,,,,,,,,,,,,,,,,,0.5,0.5,0.5,,,,,,
Stroke (Ictus),Multivariate Cox,3,0.77300399369064,,,,,,,,,,,,,,,,,,,,,,,,,,,,,,,,,,,,,,,,,,,,,,,,,,,,,,,,,,,,,,
Stroke (Ictus),DeepSurv,3,0.0,,,,,,,,,,,,,,,,,,,,,,,,,,,,,,,,,,,,,,,,,,,,,,,,,,,,,,,,,,,,,,
Stroke (Ictus),DeepHit,3,0.5566485753052918,,,,,,,,,,,,,,,,,,,,,,,,,,,,,,,,,,,,,,,,,,,,,,,,,,,,,,,,,,,,,,
Stroke (Ictus),TorchSurv (Custom),3,0.7661744470919891,,,,,,,,,,,,,,,,,,,,,,,,,,,,,,,,,,,,,,,,,,,,,,,,,,,,,,,,,,,,,,
Stroke (Ictus),RSF,3,0.7731583716481525,0.10174249600584002,0.8031543657976982,,,,,,,,,,,,,,,,,,,,,,,,,,,,,,,,,,,,,,,,,,,,,,,,,,,,0.8024112196153877,0.802677899536507,0.8042046330246798,,,,,,
Stroke (Ictus),GBSA,3,0.7635164613887304,0.10264754037707743,0.794502678003155,,,,,,,,,,,,,,,,,,,,,,,,,,,,,,,,,,,,,,,,,,,,,,,,,,,,0.7915226819940843,0.7969963308923185,0.7948605674702025,,,,,,
Stroke (Ictus),Embedding Cox,3,0.5,0.14643200647664828,0.5,,,,,,,,,,,,,,,,,,,,,,,,,,,,,,,,,,,,,,,,,,,,,,,,,,,,0.5,0.5,0.5,,,,,,
Stroke (Ictus),Kaplan-Meier,4,0.5,0.11825105063565002,0.5,,,,,,,,,,,,,,,,,,,,,,,,,,,,,,,,,,,,,,,,,,,,,,,,,,,,,,,0.5,0.5,0.5,,,
Stroke (Ictus),Multivariate Cox,4,0.7711217858152021,,,,,,,,,,,,,,,,,,,,,,,,,,,,,,,,,,,,,,,,,,,,,,,,,,,,,,,,,,,,,,
Stroke (Ictus),DeepSurv,4,0.0,,,,,,,,,,,,,,,,,,,,,,,,,,,,,,,,,,,,,,,,,,,,,,,,,,,,,,,,,,,,,,
Stroke (Ictus),DeepHit,4,0.5125494475514937,,,,,,,,,,,,,,,,,,,,,,,,,,,,,,,,,,,,,,,,,,,,,,,,,,,,,,,,,,,,,,
Stroke (Ictus),TorchSurv (Custom),4,0.7686917208250919,,,,,,,,,,,,,,,,,,,,,,,,,,,,,,,,,,,,,,,,,,,,,,,,,,,,,,,,,,,,,,
Stroke (Ictus),RSF,4,0.7673248092681548,0.09880319690065535,0.7885049629241166,,,,,,,,,,,,,,,,,,,,,,,,,,,,,,,,,,,,,,,,,,,,,,,,,,,,,,,0.7432586979856035,0.7919197893454102,0.8211793020806454,,,
Stroke (Ictus),GBSA,4,0.76768861260243,0.09765067735090427,0.7876814925528309,,,,,,,,,,,,,,,,,,,,,,,,,,,,,,,,,,,,,,,,,,,,,,,,,,,,,,,0.7417815830562293,0.7909115071953835,0.8210210534346238,,,
Stroke (Ictus),Embedding Cox,4,0.6284437694263917,0.14246102977485103,0.6480236381487511,,,,,,,,,,,,,,,,,,,,,,,,,,,,,,,,,,,,,,,,,,,,,,,,,,,,,,,0.6323684561194183,0.6590863411966592,0.651175814105907,,,
Stroke (Ictus),Kaplan-Meier,5,0.5,0.12159573860169147,0.5,,,,,,,,,,,,,,,,,,,,,,,,,,,,,,,,,,,,,,,,,,,,,,,,,,,,,,,,,,0.5,0.5,0.5
Stroke (Ictus),Multivariate Cox,5,0.7725221699212702,,,,,,,,,,,,,,,,,,,,,,,,,,,,,,,,,,,,,,,,,,,,,,,,,,,,,,,,,,,,,,
Stroke (Ictus),DeepSurv,5,0.467739554111915,,,,,,,,,,,,,,,,,,,,,,,,,,,,,,,,,,,,,,,,,,,,,,,,,,,,,,,,,,,,,,
Stroke (Ictus),DeepHit,5,0.3972390373542005,,,,,,,,,,,,,,,,,,,,,,,,,,,,,,,,,,,,,,,,,,,,,,,,,,,,,,,,,,,,,,
Stroke (Ictus),TorchSurv (Custom),5,0.7614415580349222,,,,,,,,,,,,,,,,,,,,,,,,,,,,,,,,,,,,,,,,,,,,,,,,,,,,,,,,,,,,,,
Stroke (Ictus),RSF,5,0.7775806344998417,0.09877302031586813,0.8022509503639373,,,,,,,,,,,,,,,,,,,,,,,,,,,,,,,,,,,,,,,,,,,,,,,,,,,,,,,,,,0.7727226333971335,0.8085108740343769,0.8209018157659156
Stroke (Ictus),GBSA,5,0.7760951019172764,0.09676303715837188,0.8016935217098008,,,,,,,,,,,,,,,,,,,,,,,,,,,,,,,,,,,,,,,,,,,,,,,,,,,,,,,,,,0.7769085930771542,0.8093592261782039,0.815383805342256
Stroke (Ictus),Embedding Cox,5,0.5,0.14590607567212288,0.5,,,,,,,,,,,,,,,,,,,,,,,,,,,,,,,,,,,,,,,,,,,,,,,,,,,,,,,,,,0.5,0.5,0.5
